snapshot_id,product_id,date,current_price,original_price,discount_rate,monthly_sales_estimated,cumulative_reviews,average_rating,in_stock,tags
1,10,2026-01-01,438504,601685,27.1,3477,2000,3.4,true,"[""flash_sale"", ""best_seller""]"
2,5,2026-06-27,182992,219995,16.8,1739,2770,4.0,true,"[""discounted"", ""popular""]"
3,12,2026-08-18,604683,806638,25.0,1700,4690,3.8,true,"[""flash_sale"", ""popular""]"
4,23,2026-04-20,1056918,1499086,29.5,2800,5690,3.5,false,"[""exclusive"", ""flash_sale"", ""popular"", ""limited_offer""]"
5,4,2026-09-29,198450,233056,14.8,900,3510,3.8,false,"[""trending"", ""discounted"", ""new_arrival""]"
6,10,2026-11-18,373051,457549,18.5,5754,5210,3.4,true,"[""best_seller"", ""trending"", ""discounted"", ""holiday_special""]"
7,43,2026-02-16,2053171,2856666,28.1,4800,9060,4.1,true,"[""limited_offer"", ""flash_sale"", ""exclusive"", ""best_seller""]"
8,42,2026-07-18,1764331,2435904,27.6,4700,10380,3.6,false,"[""flash_sale"", ""official_store"", ""best_seller""]"
9,32,2026-06-19,1321101,1564586,15.6,7855,8090,3.7,true,"[""local_product"", ""discounted"", ""best_seller""]"
10,11,2026-08-30,552109,706575,21.9,1600,4610,3.8,true,"[""trending"", ""new_arrival"", ""flash_sale"", ""popular""]"
11,13,2026-06-29,518648,774597,33.0,4435,4390,3.8,true,"[""warranty"", ""same_day_delivery"", ""flash_sale"", ""best_seller""]"
12,2,2026-06-24,93164,128679,27.6,1186,2140,3.9,true,"[""local_product"", ""flash_sale"", ""popular"", ""best_seller""]"
13,5,2026-05-25,236427,289230,18.3,1000,2440,4.0,true,"[""warranty"", ""same_day_delivery"", ""discounted""]"
14,14,2026-10-19,671099,842154,20.3,1900,5710,3.7,true,"[""local_product"", ""flash_sale"", ""popular"", ""best_seller""]"
15,50,2026-08-19,2277789,2746613,17.1,5500,12300,3.5,false,"[""discounted"", ""cashback"", ""best_seller"", ""installment_available""]"
16,27,2026-06-14,1036666,1226416,15.5,7202,7040,4.5,true,"[""free_shipping"", ""discounted"", ""best_seller"", ""platform_voucher""]"
17,3,2026-10-05,139846,204939,31.8,800,3370,4.0,false,"[""flash_sale"", ""cashback"", ""installment_available""]"
18,50,2026-12-11,2187250,2956048,26.0,16400,13440,3.8,true,"[""flash_sale"", ""best_seller"", ""holiday_special""]"
19,7,2026-10-14,335451,392739,14.6,1200,4260,4.4,true,"[""discounted"", ""popular""]"
20,36,2026-01-19,1469690,1667123,11.8,7938,7380,4.1,true,"[""discounted"", ""best_seller""]"
21,13,2026-01-05,580451,841462,31.0,2766,2640,3.9,true,"[""warranty"", ""same_day_delivery"", ""flash_sale"", ""popular""]"
22,36,2026-09-14,1627412,1873169,13.1,4100,9760,4.1,false,"[""discounted"", ""best_seller""]"
23,17,2026-04-27,767896,1110243,30.8,2200,4560,4.4,true,"[""flash_sale"", ""popular""]"
24,7,2026-01-16,330124,422192,21.8,1998,1550,4.4,true,"[""flash_sale"", ""popular""]"
25,39,2026-05-07,1855246,2360107,21.4,4400,9060,4.5,true,"[""flash_sale"", ""cashback"", ""best_seller"", ""installment_available""]"
26,3,2026-02-23,140283,195225,28.1,800,1130,3.8,true,"[""free_shipping"", ""flash_sale"", ""platform_voucher""]"
27,33,2026-09-01,1448664,1706992,15.1,3800,9030,3.8,true,"[""free_shipping"", ""discounted"", ""best_seller"", ""platform_voucher""]"
28,25,2026-07-02,1178901,1298597,9.2,3000,6820,3.9,true,"[""warranty"", ""same_day_delivery"", ""discounted"", ""popular""]"
29,23,2026-04-01,1136548,1651144,31.2,2800,5500,3.6,true,"[""flash_sale"", ""popular""]"
30,48,2026-01-24,2083761,2654933,21.5,8640,9830,4.1,true,"[""local_product"", ""flash_sale"", ""best_seller""]"
31,36,2026-03-18,1633538,1799015,9.2,4100,7960,4.3,true,"[""discounted"", ""best_seller""]"
32,45,2026-04-20,2120219,3001774,29.4,5000,10090,3.7,true,"[""flash_sale"", ""best_seller""]"
33,11,2026-06-12,451617,650993,30.6,2577,3820,3.4,true,"[""flash_sale"", ""popular""]"
34,50,2026-07-01,2101186,3018869,30.4,5500,11810,3.3,true,"[""flash_sale"", ""cashback"", ""best_seller"", ""installment_available""]"
35,17,2026-07-27,784798,921075,14.8,2200,5470,4.5,true,"[""discounted"", ""popular""]"
36,38,2026-04-06,1736230,2468821,29.7,4300,8550,4.5,false,"[""flash_sale"", ""official_store"", ""best_seller""]"
37,44,2026-05-18,2034745,2239513,9.1,4900,10170,4.1,true,"[""trending"", ""discounted"", ""new_arrival"", ""best_seller""]"
38,32,2026-01-02,1403394,1892119,25.8,7717,6410,3.8,true,"[""limited_offer"", ""flash_sale"", ""exclusive"", ""best_seller""]"
39,38,2026-12-25,1429192,1890670,24.4,14024,11180,4.3,true,"[""flash_sale"", ""best_seller"", ""holiday_special""]"
40,38,2026-08-11,1651541,1999066,17.4,4300,9820,4.3,false,"[""discounted"", ""best_seller""]"
41,39,2026-09-21,1698940,2413927,29.6,4400,10430,4.5,true,"[""free_shipping"", ""flash_sale"", ""best_seller"", ""platform_voucher""]"
42,9,2026-05-06,422317,552719,23.6,1400,3050,4.5,true,"[""exclusive"", ""flash_sale"", ""popular"", ""limited_offer""]"
43,3,2026-08-29,137507,177470,22.5,800,3000,4.1,true,"[""warranty"", ""same_day_delivery"", ""flash_sale""]"
44,36,2026-03-16,1564044,1888911,17.2,4100,7940,3.9,true,"[""flash_sale"", ""discounted"", ""official_store"", ""best_seller""]"
45,38,2026-04-07,1635274,1935178,15.5,4300,8560,4.0,true,"[""discounted"", ""best_seller""]"
46,21,2026-01-05,987220,1177038,16.1,5690,4240,3.7,true,"[""discounted"", ""best_seller""]"
47,30,2026-11-27,1076125,1218723,11.7,10769,9300,3.7,true,"[""best_seller"", ""discounted"", ""holiday_special"", ""same_day_delivery""]"
48,47,2026-06-23,1900218,2179155,12.8,8743,11130,4.1,true,"[""discounted"", ""best_seller""]"
49,33,2026-04-15,1604663,2047210,21.6,3800,7640,3.8,true,"[""flash_sale"", ""best_seller""]"
50,3,2026-02-24,137112,171991,20.3,800,1140,3.9,true,"[""flash_sale"", ""cashback"", ""installment_available""]"
51,14,2026-08-19,676820,837887,19.2,1900,5100,3.7,true,"[""free_shipping"", ""discounted"", ""popular"", ""platform_voucher""]"
52,16,2026-04-20,750833,955829,21.4,2100,4290,4.1,true,"[""flash_sale"", ""popular""]"
53,47,2026-12-27,1879261,2657586,29.3,19394,13000,3.9,true,"[""free_shipping"", ""flash_sale"", ""best_seller"", ""platform_voucher""]"
54,3,2026-10-08,145244,212386,31.6,800,3400,4.1,true,"[""flash_sale"", ""official_store""]"
55,13,2026-05-12,630070,757917,16.9,1800,3910,3.5,false,"[""discounted"", ""popular""]"
56,35,2026-11-04,1366966,1721774,20.6,15681,10070,3.9,true,"[""flash_sale"", ""best_seller"", ""holiday_special"", ""installment_available""]"
57,14,2026-12-08,561549,737987,23.9,7039,6210,3.6,true,"[""flash_sale"", ""best_seller"", ""exclusive"", ""limited_offer""]"
58,9,2026-06-03,378100,520936,27.4,3442,3330,4.3,true,"[""limited_offer"", ""flash_sale"", ""exclusive"", ""best_seller""]"
59,36,2026-02-04,1565109,1972754,20.7,4100,7540,4.2,true,"[""trending"", ""flash_sale"", ""new_arrival"", ""best_seller""]"
60,36,2026-12-19,1520748,2140714,29.0,15402,10720,3.8,true,"[""flash_sale"", ""best_seller"", ""holiday_special""]"
61,17,2026-09-04,792881,1009607,21.5,2200,5860,4.4,true,"[""warranty"", ""same_day_delivery"", ""flash_sale"", ""popular""]"
62,14,2026-05-31,638374,776386,17.8,1900,4300,4.1,true,"[""exclusive"", ""discounted"", ""popular"", ""limited_offer""]"
63,7,2026-11-06,293963,331057,11.2,4192,4490,3.9,true,"[""best_seller"", ""discounted"", ""holiday_special"", ""same_day_delivery""]"
64,6,2026-04-15,286752,341425,16.0,1100,2240,4.2,true,"[""official_store"", ""flash_sale"", ""discounted"", ""popular""]"
65,25,2026-06-14,1067167,1503289,29.0,5451,6640,3.9,true,"[""flash_sale"", ""best_seller""]"
66,1,2026-06-20,47068,54359,13.4,983,1900,3.4,true,"[""discounted"", ""cashback"", ""installment_available""]"
67,17,2026-03-04,796924,1074807,25.9,2200,4020,4.3,true,"[""official_store"", ""flash_sale"", ""popular""]"
68,10,2026-08-31,446009,543615,18.0,1500,4420,3.7,true,"[""discounted"", ""popular""]"
69,27,2026-01-04,1088823,1620123,32.8,7087,5430,4.4,true,"[""free_shipping"", ""flash_sale"", ""best_seller"", ""platform_voucher""]"
70,41,2026-12-11,1739552,2071548,16.0,10381,11640,3.5,true,"[""discounted"", ""best_seller"", ""holiday_special""]"
71,15,2026-08-26,755972,844658,10.5,2000,5370,4.0,false,"[""free_shipping"", ""discounted"", ""popular"", ""platform_voucher""]"
72,25,2026-05-01,1079157,1515309,28.8,3000,6200,3.9,true,"[""flash_sale"", ""popular""]"
73,45,2026-07-26,1809576,2031129,10.9,5000,11060,4.3,true,"[""discounted"", ""cashback"", ""best_seller"", ""installment_available""]"
74,21,2026-08-29,913749,1269625,28.0,2600,6600,3.9,true,"[""exclusive"", ""flash_sale"", ""popular"", ""limited_offer""]"
75,45,2026-05-29,2185425,2435969,10.3,5000,10480,3.8,false,"[""trending"", ""discounted"", ""new_arrival"", ""best_seller""]"
76,13,2026-01-02,578845,788126,26.6,3313,2610,3.9,true,"[""flash_sale"", ""best_seller""]"
77,30,2026-04-28,1357932,1779763,23.7,3500,7170,3.6,true,"[""limited_offer"", ""flash_sale"", ""exclusive"", ""best_seller""]"
78,41,2026-02-06,1939880,2897401,33.0,4600,8560,3.5,true,"[""flash_sale"", ""best_seller""]"
79,48,2026-10-04,2219870,2691825,17.5,5300,12360,4.0,true,"[""warranty"", ""same_day_delivery"", ""discounted"", ""best_seller""]"
80,15,2026-02-16,683184,1004274,32.0,2000,3460,3.8,true,"[""flash_sale"", ""popular"", ""cashback"", ""installment_available""]"
81,49,2026-02-09,2437896,2729357,10.7,5400,10190,4.2,true,"[""discounted"", ""best_seller""]"
82,45,2026-09-20,2128817,3136529,32.1,5000,11620,4.1,true,"[""flash_sale"", ""official_store"", ""best_seller""]"
83,21,2026-07-11,949055,1351532,29.8,2600,6110,3.7,true,"[""trending"", ""new_arrival"", ""flash_sale"", ""popular""]"
84,9,2026-05-04,417300,538131,22.5,1400,3030,4.2,true,"[""flash_sale"", ""popular"", ""cashback"", ""installment_available""]"
85,24,2026-03-01,1104160,1266296,12.8,2900,5390,3.9,true,"[""discounted"", ""popular""]"
86,24,2026-04-25,1163175,1701386,31.6,2900,5940,3.9,false,"[""warranty"", ""same_day_delivery"", ""flash_sale"", ""popular""]"
87,29,2026-06-17,1145533,1610726,28.9,6200,7470,4.4,true,"[""free_shipping"", ""flash_sale"", ""best_seller"", ""platform_voucher""]"
88,8,2026-09-26,361504,455912,20.7,1300,4280,4.6,true,"[""flash_sale"", ""popular""]"
89,45,2026-10-15,2246278,2895125,22.4,5000,11870,3.7,true,"[""flash_sale"", ""best_seller""]"
90,40,2026-04-23,1842960,2171588,15.1,4500,9120,3.4,true,"[""limited_offer"", ""discounted"", ""exclusive"", ""best_seller""]"
91,32,2026-07-03,1385252,1629623,15.0,3700,8230,3.5,true,"[""trending"", ""discounted"", ""new_arrival"", ""best_seller""]"
92,34,2026-05-29,1559013,1936369,19.5,3900,8280,3.7,true,"[""trending"", ""discounted"", ""new_arrival"", ""best_seller""]"
93,34,2026-04-22,1506305,2258206,33.3,3900,7910,3.8,true,"[""flash_sale"", ""official_store"", ""best_seller""]"
94,46,2026-02-12,2033195,2400398,15.3,5100,9620,4.1,true,"[""limited_offer"", ""discounted"", ""exclusive"", ""best_seller""]"
95,34,2026-03-19,1551186,2317101,33.1,3900,7570,3.6,true,"[""flash_sale"", ""best_seller""]"
96,40,2026-10-02,1732057,1919274,9.8,4500,10740,3.3,true,"[""free_shipping"", ""discounted"", ""best_seller"", ""platform_voucher""]"
97,24,2026-07-28,1003077,1117505,10.2,2900,6880,4.0,true,"[""discounted"", ""popular""]"
98,20,2026-07-19,887316,1273368,30.3,2500,5990,3.5,true,"[""flash_sale"", ""popular""]"
99,3,2026-08-23,140999,208534,32.4,800,2940,3.8,true,"[""local_product"", ""flash_sale"", ""best_seller""]"
100,47,2026-12-26,1707154,2423220,29.6,20725,12990,4.4,true,"[""flash_sale"", ""best_seller"", ""exclusive"", ""limited_offer""]"
101,44,2026-02-20,2143622,2844598,24.6,4900,9300,3.7,true,"[""trending"", ""flash_sale"", ""new_arrival"", ""best_seller""]"
102,50,2026-07-29,2317501,2925907,20.8,5500,12090,3.3,true,"[""flash_sale"", ""best_seller""]"
103,20,2026-10-03,884508,1018742,13.2,2500,6750,3.6,true,"[""exclusive"", ""discounted"", ""popular"", ""limited_offer""]"
104,47,2026-01-25,2220033,2586556,14.2,8676,9640,3.9,true,"[""local_product"", ""discounted"", ""best_seller""]"
105,38,2026-01-21,1568184,2348575,33.2,8057,7800,4.2,true,"[""limited_offer"", ""flash_sale"", ""exclusive"", ""best_seller""]"
106,44,2026-03-30,1917248,2874255,33.3,4900,9680,4.0,true,"[""limited_offer"", ""flash_sale"", ""exclusive"", ""best_seller""]"
107,10,2026-03-03,485056,675549,28.2,1500,2610,3.8,true,"[""flash_sale"", ""popular""]"
108,45,2026-11-23,1623320,2097444,22.6,18331,12260,4.3,true,"[""flash_sale"", ""official_store"", ""best_seller"", ""holiday_special""]"
109,33,2026-01-07,1520387,1818291,16.4,6997,6660,3.7,false,"[""discounted"", ""best_seller""]"
110,19,2026-12-12,692579,812386,14.7,5797,7250,4.5,false,"[""discounted"", ""best_seller"", ""holiday_special""]"
111,18,2026-08-13,820772,1030282,20.3,2300,5840,4.1,true,"[""flash_sale"", ""popular""]"
112,44,2026-06-24,1988886,2439806,18.5,12237,10540,3.8,true,"[""trending"", ""discounted"", ""new_arrival"", ""best_seller""]"
113,16,2026-11-10,689443,760150,9.3,6909,6330,4.2,true,"[""best_seller"", ""trending"", ""discounted"", ""holiday_special""]"
114,11,2026-09-30,552249,645259,14.4,1600,4920,3.5,true,"[""discounted"", ""popular""]"
115,10,2026-05-02,484067,625421,22.6,1500,3210,3.3,true,"[""exclusive"", ""flash_sale"", ""popular"", ""limited_offer""]"
116,36,2026-03-17,1693608,2023302,16.3,4100,7950,4.1,true,"[""discounted"", ""cashback"", ""best_seller"", ""installment_available""]"
117,7,2026-10-10,309207,378896,18.4,1200,4220,4.5,true,"[""discounted"", ""popular"", ""cashback"", ""installment_available""]"
118,32,2026-07-23,1465756,2178688,32.7,3700,8430,3.8,true,"[""trending"", ""flash_sale"", ""new_arrival"", ""best_seller""]"
119,15,2026-03-03,733633,939224,21.9,2000,3610,4.2,true,"[""flash_sale"", ""popular""]"
120,30,2026-04-24,1497682,1752491,14.5,3500,7130,3.4,true,"[""trending"", ""discounted"", ""new_arrival"", ""best_seller""]"
121,44,2026-11-01,1907596,2686551,29.0,17475,11840,3.7,true,"[""flash_sale"", ""best_seller"", ""holiday_special"", ""same_day_delivery""]"
122,35,2026-09-17,1653132,2141876,22.8,4000,9590,4.2,true,"[""flash_sale"", ""best_seller""]"
123,12,2026-12-25,497352,584466,14.9,6432,5980,3.7,true,"[""discounted"", ""best_seller"", ""holiday_special""]"
124,3,2026-06-23,112171,164032,31.6,1839,2330,3.8,true,"[""flash_sale"", ""popular""]"
125,27,2026-05-05,1335203,1843219,27.6,3200,6640,4.3,true,"[""warranty"", ""same_day_delivery"", ""flash_sale"", ""best_seller""]"
126,18,2026-05-14,895909,1040764,13.9,2300,4930,4.3,true,"[""discounted"", ""popular""]"
127,10,2026-05-06,440868,601611,26.7,1500,3250,3.2,true,"[""flash_sale"", ""popular""]"
128,14,2026-04-21,623608,731973,14.8,1900,3900,3.9,true,"[""discounted"", ""popular""]"
129,42,2026-11-17,1826530,2353479,22.4,18428,11600,3.9,true,"[""local_product"", ""flash_sale"", ""best_seller"", ""holiday_special""]"
130,37,2026-11-05,1391204,1559058,10.8,10068,10480,4.1,true,"[""flash_sale"", ""best_seller"", ""discounted"", ""holiday_special""]"
131,16,2026-01-13,760642,1063106,28.5,3356,3320,3.8,true,"[""trending"", ""flash_sale"", ""new_arrival"", ""best_seller""]"
132,12,2026-06-09,528173,723709,27.0,3194,3990,3.9,true,"[""flash_sale"", ""best_seller""]"
133,34,2026-03-22,1560700,1833031,14.9,3900,7600,4.0,true,"[""flash_sale"", ""discounted"", ""official_store"", ""best_seller""]"
134,26,2026-09-29,1198724,1444253,17.0,3100,7910,3.9,true,"[""discounted"", ""best_seller""]"
135,24,2026-09-13,1064522,1558901,31.7,2900,7350,4.0,true,"[""flash_sale"", ""popular""]"
136,36,2026-01-11,1614266,2104421,23.3,7388,7300,4.2,true,"[""local_product"", ""flash_sale"", ""best_seller""]"
137,46,2026-10-03,2155925,3110979,30.7,5100,11950,4.0,true,"[""limited_offer"", ""flash_sale"", ""exclusive"", ""best_seller""]"
138,41,2026-04-27,1775884,2406008,26.2,4600,9360,3.5,true,"[""flash_sale"", ""best_seller""]"
139,23,2026-05-25,1009235,1277045,21.0,2800,6040,4.0,false,"[""official_store"", ""flash_sale"", ""popular""]"
140,42,2026-08-21,1899047,2111541,10.1,4700,10720,3.8,true,"[""discounted"", ""best_seller""]"
141,50,2026-02-04,2466107,3474079,29.0,5500,10340,3.3,true,"[""warranty"", ""same_day_delivery"", ""flash_sale"", ""best_seller""]"
142,36,2026-08-31,1794524,2150001,16.5,4100,9620,3.9,true,"[""discounted"", ""best_seller""]"
143,47,2026-02-03,2159724,3125660,30.9,5200,9730,4.5,true,"[""local_product"", ""flash_sale"", ""best_seller""]"
144,37,2026-03-28,1836426,2278262,19.4,4200,8260,4.2,true,"[""discounted"", ""best_seller""]"
145,44,2026-11-08,1659477,2185856,24.1,10520,11910,3.7,false,"[""flash_sale"", ""best_seller"", ""holiday_special""]"
146,35,2026-03-25,1498204,2124400,29.5,4000,7830,4.1,true,"[""flash_sale"", ""cashback"", ""best_seller"", ""installment_available""]"
147,15,2026-06-04,593115,788685,24.8,3869,4540,4.0,true,"[""flash_sale"", ""best_seller""]"
148,19,2026-10-15,820888,1177986,30.3,2400,6670,4.6,true,"[""flash_sale"", ""popular""]"
149,16,2026-07-18,740287,982965,24.7,2100,5180,4.3,true,"[""flash_sale"", ""popular""]"
150,18,2026-05-07,796144,1165395,31.7,2300,4860,4.1,true,"[""flash_sale"", ""popular"", ""cashback"", ""installment_available""]"
151,14,2026-06-11,526426,748658,29.7,3124,4410,4.2,true,"[""flash_sale"", ""best_seller""]"
152,14,2026-09-08,647707,971031,33.3,1900,5300,3.9,true,"[""exclusive"", ""flash_sale"", ""popular"", ""limited_offer""]"
153,36,2026-08-04,1570319,2279676,31.1,4100,9350,4.1,true,"[""trending"", ""flash_sale"", ""new_arrival"", ""best_seller""]"
154,5,2026-08-19,249204,300445,17.1,1000,3300,3.8,true,"[""exclusive"", ""discounted"", ""limited_offer""]"
155,49,2026-12-27,1781823,2119933,15.9,17022,13400,4.3,true,"[""best_seller"", ""trending"", ""discounted"", ""holiday_special""]"
156,6,2026-08-09,295738,415001,28.7,1100,3400,3.9,true,"[""official_store"", ""flash_sale"", ""popular""]"
157,34,2026-11-08,1230024,1603683,23.3,11710,9910,4.0,true,"[""flash_sale"", ""best_seller"", ""exclusive"", ""limited_offer""]"
158,15,2026-05-30,714653,1066586,33.0,2000,4490,3.8,true,"[""flash_sale"", ""popular""]"
159,6,2026-03-10,304112,401562,24.3,1100,1880,4.0,true,"[""warranty"", ""same_day_delivery"", ""flash_sale"", ""popular""]"
160,27,2026-09-19,1286469,1689019,23.8,3200,8010,4.1,true,"[""free_shipping"", ""flash_sale"", ""best_seller"", ""platform_voucher""]"
161,45,2026-08-23,1969632,2886160,31.8,5000,11340,4.0,true,"[""flash_sale"", ""best_seller""]"
162,10,2026-11-10,448511,541098,17.1,5303,5130,3.5,true,"[""best_seller"", ""discounted"", ""holiday_special"", ""same_day_delivery""]"
163,35,2026-08-15,1630522,2006464,18.7,4000,9260,3.8,true,"[""limited_offer"", ""discounted"", ""exclusive"", ""best_seller""]"
164,46,2026-11-17,1652612,2347907,29.6,14275,12400,4.3,true,"[""flash_sale"", ""best_seller"", ""holiday_special""]"
165,39,2026-09-20,1856240,2149447,13.6,4400,10420,4.6,true,"[""discounted"", ""best_seller""]"
166,46,2026-06-08,1994099,2747460,27.4,11815,10780,4.3,true,"[""flash_sale"", ""best_seller""]"
167,13,2026-10-24,599643,873139,31.3,1800,5560,3.9,true,"[""official_store"", ""flash_sale"", ""popular""]"
168,23,2026-01-11,935327,1090956,14.3,5388,4700,3.6,true,"[""local_product"", ""discounted"", ""best_seller""]"
169,40,2026-09-04,1907205,2651680,28.1,4500,10460,3.6,true,"[""flash_sale"", ""official_store"", ""best_seller""]"
170,45,2026-09-18,1988009,2906366,31.6,5000,11600,4.0,true,"[""flash_sale"", ""best_seller""]"
171,35,2026-10-27,1736411,1945322,10.7,4000,9990,3.8,true,"[""warranty"", ""same_day_delivery"", ""discounted"", ""best_seller""]"
172,48,2026-05-02,2067060,2582121,19.9,5300,10810,4.5,true,"[""discounted"", ""best_seller""]"
173,20,2026-07-02,845617,954907,11.4,2500,5820,3.6,true,"[""discounted"", ""popular""]"
174,41,2026-08-28,1948046,2339239,16.7,4600,10590,3.7,true,"[""trending"", ""discounted"", ""new_arrival"", ""best_seller""]"
175,24,2026-12-09,862859,1076644,19.9,10302,8220,3.8,true,"[""discounted"", ""best_seller"", ""holiday_special""]"
176,50,2026-04-24,2505589,3606054,30.5,5500,11130,3.7,true,"[""warranty"", ""same_day_delivery"", ""flash_sale"", ""best_seller""]"
177,7,2026-11-21,261519,332624,21.4,2772,4640,4.1,true,"[""flash_sale"", ""popular"", ""holiday_special""]"
178,8,2026-03-12,373564,436797,14.5,1300,2300,4.2,true,"[""free_shipping"", ""discounted"", ""popular"", ""platform_voucher""]"
179,45,2026-03-27,2012609,2906622,30.8,5000,9850,4.0,true,"[""local_product"", ""flash_sale"", ""best_seller""]"
180,34,2026-05-25,1481900,2206446,32.8,3900,8240,4.0,true,"[""flash_sale"", ""best_seller""]"
181,7,2026-01-17,289455,369505,21.7,2657,1560,4.0,false,"[""warranty"", ""same_day_delivery"", ""flash_sale"", ""popular""]"
182,17,2026-06-12,676872,1010802,33.0,4105,5020,4.5,true,"[""flash_sale"", ""cashback"", ""best_seller"", ""installment_available""]"
183,15,2026-08-21,647713,891496,27.3,2000,5320,4.1,true,"[""flash_sale"", ""popular""]"
184,3,2026-07-24,132028,197849,33.3,800,2640,3.9,true,"[""warranty"", ""same_day_delivery"", ""flash_sale""]"
185,43,2026-04-25,1871522,2219415,15.7,4800,9740,4.0,true,"[""discounted"", ""best_seller""]"
186,48,2026-12-29,1829636,2117725,13.6,11228,13220,4.0,true,"[""best_seller"", ""trending"", ""discounted"", ""holiday_special""]"
187,46,2026-01-22,2134395,2664510,19.9,10813,9410,4.0,true,"[""free_shipping"", ""discounted"", ""best_seller"", ""platform_voucher""]"
188,43,2026-08-18,1989762,2787328,28.6,4800,10890,3.9,true,"[""trending"", ""flash_sale"", ""new_arrival"", ""best_seller""]"
189,2,2026-05-26,99831,145229,31.3,700,1850,3.7,true,"[""flash_sale""]"
190,22,2026-10-17,1082566,1405837,23.0,2700,7290,3.9,true,"[""flash_sale"", ""popular""]"
191,18,2026-02-23,804067,1205973,33.3,2300,4130,4.1,false,"[""flash_sale"", ""popular"", ""cashback"", ""installment_available""]"
192,7,2026-07-14,299300,365141,18.0,1200,3340,4.2,true,"[""discounted"", ""popular"", ""cashback"", ""installment_available""]"
193,16,2026-07-05,684437,960912,28.8,2100,5050,4.2,false,"[""local_product"", ""flash_sale"", ""popular"", ""best_seller""]"
194,25,2026-07-19,1123932,1305045,13.9,3000,6990,4.3,true,"[""warranty"", ""same_day_delivery"", ""discounted"", ""popular""]"
195,33,2026-05-18,1526490,1958698,22.1,3800,7970,3.7,true,"[""flash_sale"", ""best_seller""]"
196,37,2026-02-05,1819497,2230763,18.4,4200,7750,4.0,true,"[""discounted"", ""best_seller""]"
197,6,2026-11-07,249471,275396,9.4,4002,4300,4.3,true,"[""local_product"", ""discounted"", ""best_seller"", ""holiday_special""]"
198,15,2026-06-20,624253,809567,22.9,3356,4700,3.9,true,"[""local_product"", ""flash_sale"", ""best_seller""]"
199,48,2026-12-17,1760773,1980196,11.1,16310,13100,4.5,true,"[""best_seller"", ""trending"", ""discounted"", ""holiday_special""]"
200,17,2026-04-02,856986,1006620,14.9,2200,4310,4.2,true,"[""discounted"", ""popular""]"
201,37,2026-09-13,1595009,2010010,20.6,4200,9950,4.0,true,"[""flash_sale"", ""best_seller""]"
202,32,2026-12-02,1248427,1743204,28.4,13803,9750,3.6,true,"[""flash_sale"", ""official_store"", ""best_seller"", ""holiday_special""]"
203,30,2026-10-28,1315427,1753522,25.0,3500,9000,3.5,true,"[""flash_sale"", ""official_store"", ""best_seller""]"
204,35,2026-06-08,1439556,1687839,14.7,8754,8580,3.8,true,"[""discounted"", ""best_seller""]"
205,40,2026-08-04,1996630,2259624,11.6,4500,10150,3.4,true,"[""flash_sale"", ""discounted"", ""official_store"", ""best_seller""]"
206,1,2026-03-01,59541,72768,18.2,600,790,3.8,true,"[""discounted""]"
207,27,2026-07-08,1261081,1801165,30.0,3200,7280,4.4,true,"[""flash_sale"", ""cashback"", ""best_seller"", ""installment_available""]"
208,32,2026-09-06,1374767,1572554,12.6,3700,8880,3.8,true,"[""free_shipping"", ""discounted"", ""best_seller"", ""platform_voucher""]"
209,25,2026-11-15,949127,1244359,23.7,9042,8180,3.9,true,"[""flash_sale"", ""best_seller"", ""holiday_special""]"
210,49,2026-05-10,2102349,2806590,25.1,5400,11090,4.3,false,"[""flash_sale"", ""best_seller""]"
211,39,2026-10-22,1668523,2333615,28.5,4400,10740,4.7,true,"[""trending"", ""flash_sale"", ""new_arrival"", ""best_seller""]"
212,22,2026-11-06,833613,1177599,29.2,7338,7490,3.8,true,"[""flash_sale"", ""best_seller"", ""holiday_special""]"
213,36,2026-07-12,1584012,2262988,30.0,4100,9120,3.8,true,"[""flash_sale"", ""best_seller""]"
214,34,2026-10-17,1478686,2146616,31.1,3900,9690,3.6,true,"[""flash_sale"", ""best_seller""]"
215,49,2026-03-24,2239692,3069030,27.0,5400,10620,4.4,true,"[""flash_sale"", ""official_store"", ""best_seller""]"
216,50,2026-10-24,2257995,2990236,24.5,5500,12960,3.5,true,"[""flash_sale"", ""best_seller""]"
217,48,2026-06-28,1784709,2549957,30.0,8925,11380,4.0,true,"[""flash_sale"", ""official_store"", ""best_seller""]"
218,43,2026-10-13,1856200,2137539,13.2,4800,11450,3.7,true,"[""discounted"", ""best_seller""]"
219,40,2026-11-15,1613251,2085236,22.6,10315,11180,3.4,true,"[""flash_sale"", ""best_seller"", ""holiday_special""]"
220,11,2026-10-15,485830,652763,25.6,1600,5070,3.9,true,"[""exclusive"", ""flash_sale"", ""popular"", ""limited_offer""]"
221,17,2026-06-05,642076,772129,16.8,4492,4950,4.0,true,"[""discounted"", ""best_seller""]"
222,11,2026-12-29,464801,545698,14.8,5303,5820,3.6,false,"[""flash_sale"", ""best_seller"", ""discounted"", ""holiday_special""]"
223,1,2026-05-06,53279,66451,19.8,600,1450,3.6,true,"[""discounted""]"
224,47,2026-06-14,1868926,2595600,28.0,8721,11040,4.0,true,"[""flash_sale"", ""best_seller""]"
225,16,2026-10-24,710653,1063612,33.2,2100,6160,4.2,true,"[""local_product"", ""flash_sale"", ""popular"", ""best_seller""]"
226,10,2026-06-04,360748,523507,31.1,2349,3540,3.7,true,"[""flash_sale"", ""popular""]"
227,33,2026-12-08,1191159,1322978,10.0,11417,10010,3.8,true,"[""flash_sale"", ""best_seller"", ""discounted"", ""holiday_special""]"
228,11,2026-07-04,450992,600331,24.9,1600,4040,3.5,true,"[""free_shipping"", ""flash_sale"", ""popular"", ""platform_voucher""]"
229,4,2026-07-11,177049,230223,23.1,900,2710,3.9,true,"[""flash_sale""]"
230,27,2026-06-28,1010713,1483899,31.9,7663,7180,4.3,true,"[""local_product"", ""flash_sale"", ""best_seller""]"
231,5,2026-06-29,193510,284741,32.0,1890,2790,4.0,false,"[""trending"", ""new_arrival"", ""flash_sale"", ""popular""]"
232,46,2026-07-03,1923832,2625355,26.7,5100,11030,4.3,true,"[""trending"", ""flash_sale"", ""new_arrival"", ""best_seller""]"
233,47,2026-09-30,2050322,2647373,22.6,5200,12120,4.0,true,"[""flash_sale"", ""best_seller""]"
234,33,2026-07-28,1538779,1976223,22.1,3800,8680,3.5,true,"[""local_product"", ""flash_sale"", ""best_seller""]"
235,31,2026-12-08,1149826,1673681,31.3,7638,9610,3.6,true,"[""local_product"", ""flash_sale"", ""best_seller"", ""holiday_special""]"
236,11,2026-07-04,478941,638733,25.0,1600,4040,3.8,true,"[""warranty"", ""same_day_delivery"", ""flash_sale"", ""popular""]"
237,8,2026-02-01,371858,482020,22.9,1300,1910,4.2,true,"[""flash_sale"", ""popular""]"
238,21,2026-12-04,812550,1179190,31.1,5673,7570,3.7,true,"[""flash_sale"", ""best_seller"", ""holiday_special""]"
239,11,2026-01-09,494002,653453,24.4,3007,2280,3.5,true,"[""flash_sale"", ""best_seller""]"
240,47,2026-05-10,2039146,2642043,22.8,5200,10690,4.1,true,"[""flash_sale"", ""best_seller""]"
241,30,2026-04-25,1422711,1836114,22.5,3500,7140,3.2,true,"[""flash_sale"", ""best_seller""]"
242,38,2026-08-15,1764450,2118340,16.7,4300,9860,4.5,true,"[""discounted"", ""best_seller""]"
243,29,2026-04-17,1269840,1532572,17.1,3400,6860,4.6,true,"[""discounted"", ""best_seller""]"
244,23,2026-03-27,1094806,1531317,28.5,2800,5450,4.0,true,"[""warranty"", ""same_day_delivery"", ""flash_sale"", ""popular""]"
245,26,2026-09-02,1179373,1327340,11.1,3100,7640,4.0,true,"[""warranty"", ""same_day_delivery"", ""discounted"", ""best_seller""]"
246,49,2026-07-13,2304301,2988002,22.9,5400,11730,4.7,true,"[""flash_sale"", ""cashback"", ""best_seller"", ""installment_available""]"
247,19,2026-01-27,904067,1231178,26.6,4737,4060,4.7,true,"[""flash_sale"", ""best_seller""]"
248,42,2026-06-08,1511737,1718439,12.0,9301,9980,3.7,false,"[""limited_offer"", ""discounted"", ""exclusive"", ""best_seller""]"
249,3,2026-10-16,158690,227762,30.3,800,3480,3.5,true,"[""flash_sale""]"
250,1,2026-06-05,49040,62538,21.6,1340,1750,3.6,true,"[""official_store"", ""flash_sale"", ""popular""]"
251,35,2026-08-13,1510354,1676420,9.9,4000,9240,3.9,true,"[""limited_offer"", ""discounted"", ""exclusive"", ""best_seller""]"
252,43,2026-06-11,1823573,2372623,23.1,11487,10210,3.7,true,"[""flash_sale"", ""best_seller""]"
253,31,2026-11-17,1202343,1557271,22.8,8955,9400,3.8,true,"[""local_product"", ""flash_sale"", ""best_seller"", ""holiday_special""]"
254,34,2026-05-05,1670038,2177095,23.3,3900,8040,4.0,true,"[""flash_sale"", ""best_seller""]"
255,47,2026-06-17,2121934,3078559,31.1,9464,11070,3.9,true,"[""flash_sale"", ""cashback"", ""best_seller"", ""installment_available""]"
256,13,2026-03-25,571893,838186,31.8,1800,3430,3.7,true,"[""flash_sale"", ""popular"", ""cashback"", ""installment_available""]"
257,34,2026-10-31,1610469,2075478,22.4,3900,9830,4.1,false,"[""flash_sale"", ""best_seller""]"
258,8,2026-03-03,403270,532217,24.2,1300,2210,4.1,true,"[""flash_sale"", ""popular""]"
259,45,2026-11-16,1717387,2394389,28.3,18467,12190,3.9,true,"[""flash_sale"", ""best_seller"", ""holiday_special""]"
260,27,2026-03-06,1326584,1640382,19.1,3200,6040,4.0,true,"[""trending"", ""discounted"", ""new_arrival"", ""best_seller""]"
261,48,2026-04-18,2245411,2491350,9.9,5300,10670,4.5,true,"[""discounted"", ""best_seller""]"
262,31,2026-07-31,1468285,1751001,16.1,3600,8310,3.5,true,"[""local_product"", ""discounted"", ""best_seller""]"
263,30,2026-11-23,1264997,1444906,12.5,11251,9260,3.8,true,"[""discounted"", ""best_seller"", ""holiday_special""]"
264,6,2026-12-11,235809,297608,20.8,4314,4640,4.1,true,"[""flash_sale"", ""best_seller"", ""trending"", ""holiday_special""]"
265,21,2026-12-30,823008,1215751,32.3,6612,7830,3.8,false,"[""flash_sale"", ""best_seller"", ""holiday_special"", ""same_day_delivery""]"
266,16,2026-02-15,801230,1168028,31.4,2100,3650,4.2,true,"[""free_shipping"", ""flash_sale"", ""popular"", ""platform_voucher""]"
267,13,2026-08-19,627719,695490,9.7,1800,4900,3.6,true,"[""discounted"", ""popular""]"
268,3,2026-06-04,138618,183699,24.5,1857,2140,3.7,true,"[""flash_sale"", ""popular""]"
269,15,2026-05-06,704377,845942,16.7,2000,4250,4.0,true,"[""local_product"", ""discounted"", ""popular"", ""best_seller""]"
270,35,2026-09-28,1712235,2244120,23.7,4000,9700,4.3,true,"[""local_product"", ""flash_sale"", ""best_seller""]"
271,25,2026-11-29,922567,1044179,11.6,8369,8320,3.7,true,"[""flash_sale"", ""best_seller"", ""discounted"", ""holiday_special""]"
272,26,2026-03-12,1197113,1579597,24.2,3100,5900,4.3,true,"[""flash_sale"", ""best_seller""]"
273,29,2026-09-05,1379996,1784060,22.6,3400,8270,4.4,true,"[""warranty"", ""same_day_delivery"", ""flash_sale"", ""best_seller""]"
274,8,2026-04-08,409198,543352,24.7,1300,2570,4.4,true,"[""flash_sale"", ""popular""]"
275,12,2026-07-31,577056,862046,33.1,1700,4510,3.7,true,"[""official_store"", ""flash_sale"", ""popular""]"
276,12,2026-11-24,443382,516971,14.2,6175,5670,3.5,true,"[""best_seller"", ""discounted"", ""exclusive"", ""limited_offer""]"
277,28,2026-03-10,1381122,1905719,27.5,3300,6280,4.4,true,"[""flash_sale"", ""best_seller""]"
278,5,2026-02-19,241378,326706,26.1,1000,1490,4.0,false,"[""flash_sale""]"
279,47,2026-04-21,2259488,2670807,15.4,5200,10500,3.9,true,"[""discounted"", ""best_seller""]"
280,1,2026-06-10,48507,71908,32.5,1325,1800,3.4,true,"[""local_product"", ""flash_sale"", ""popular"", ""best_seller""]"
281,8,2026-11-28,359724,396399,9.3,3882,4910,4.2,true,"[""discounted"", ""best_seller"", ""holiday_special""]"
282,8,2026-06-06,344501,490122,29.7,3243,3160,4.0,true,"[""flash_sale"", ""official_store"", ""best_seller""]"
283,45,2026-11-12,1999799,2830604,29.4,17450,12150,4.0,true,"[""flash_sale"", ""best_seller"", ""holiday_special""]"
284,9,2026-02-22,405258,529078,23.4,1400,2320,4.3,true,"[""official_store"", ""flash_sale"", ""popular""]"
285,12,2026-01-12,564642,736498,23.3,2776,2510,3.4,true,"[""flash_sale"", ""popular""]"
286,3,2026-10-26,141579,172584,18.0,800,3580,3.6,true,"[""exclusive"", ""discounted"", ""limited_offer""]"
287,28,2026-01-24,1143655,1626102,29.7,6606,5830,4.2,true,"[""flash_sale"", ""best_seller""]"
288,13,2026-12-23,523281,631832,17.2,5467,6160,4.1,true,"[""best_seller"", ""trending"", ""discounted"", ""holiday_special""]"
289,50,2026-01-31,2270893,2812545,19.3,8625,10300,3.7,true,"[""trending"", ""discounted"", ""new_arrival"", ""best_seller""]"
290,47,2026-12-28,1858196,2156507,13.8,15356,13010,4.0,true,"[""discounted"", ""best_seller"", ""holiday_special""]"
291,49,2026-05-23,2383232,3109647,23.4,5400,11220,4.5,true,"[""flash_sale"", ""best_seller""]"
292,17,2026-06-29,757314,864731,12.4,5068,5190,4.2,false,"[""discounted"", ""best_seller""]"
293,3,2026-05-21,138582,206080,32.8,800,2000,3.6,true,"[""local_product"", ""flash_sale"", ""best_seller""]"
294,31,2026-09-30,1371055,1870840,26.7,3600,8920,3.3,false,"[""flash_sale"", ""best_seller""]"
295,18,2026-11-17,775657,1097946,29.4,6103,6800,4.2,true,"[""flash_sale"", ""best_seller"", ""holiday_special""]"
296,49,2026-07-10,2026110,2250135,10.0,5400,11700,4.6,true,"[""limited_offer"", ""discounted"", ""exclusive"", ""best_seller""]"
297,46,2026-08-15,2196219,3254479,32.5,5100,11460,4.1,true,"[""free_shipping"", ""flash_sale"", ""best_seller"", ""platform_voucher""]"
298,38,2026-07-28,1571325,2228060,29.5,4300,9680,4.0,true,"[""flash_sale"", ""best_seller""]"
299,45,2026-02-01,2156166,2533157,14.9,5000,9310,4.3,true,"[""trending"", ""discounted"", ""new_arrival"", ""best_seller""]"
300,50,2026-06-26,1983591,2537053,21.8,13272,11760,3.7,true,"[""flash_sale"", ""best_seller""]"
301,46,2026-08-31,2141129,3022443,29.2,5100,11620,4.4,true,"[""flash_sale"", ""best_seller""]"
302,13,2026-05-22,634306,817622,22.4,1800,4010,3.7,true,"[""free_shipping"", ""flash_sale"", ""popular"", ""platform_voucher""]"
303,37,2026-05-23,1673630,2146379,22.0,4200,8820,4.1,true,"[""flash_sale"", ""official_store"", ""best_seller""]"
304,50,2026-06-01,2037133,2947429,30.9,10961,11510,3.6,true,"[""flash_sale"", ""best_seller""]"
305,43,2026-05-17,1879438,2257988,16.8,4800,9960,3.8,true,"[""trending"", ""discounted"", ""new_arrival"", ""best_seller""]"
306,44,2026-01-16,2087861,2989917,30.2,10768,8950,3.9,true,"[""flash_sale"", ""best_seller""]"
307,24,2026-10-23,1045163,1216406,14.1,2900,7750,3.6,true,"[""discounted"", ""popular""]"
308,20,2026-07-15,925998,1047657,11.6,2500,5950,3.5,true,"[""discounted"", ""popular""]"
309,43,2026-06-04,1640368,2394973,31.5,8032,10140,3.8,true,"[""flash_sale"", ""best_seller""]"
310,45,2026-03-05,2052933,2366482,13.2,5000,9630,3.7,true,"[""discounted"", ""best_seller""]"
311,8,2026-02-06,376293,491157,23.4,1300,1960,4.1,true,"[""flash_sale"", ""popular""]"
312,44,2026-12-07,1827714,2431272,24.8,19014,12200,4.1,true,"[""flash_sale"", ""best_seller"", ""holiday_special""]"
313,19,2026-02-28,851127,1017645,16.4,2400,4380,4.6,false,"[""trending"", ""new_arrival"", ""discounted"", ""popular""]"
314,13,2026-11-05,483456,601685,19.6,3949,5680,4.1,true,"[""discounted"", ""best_seller"", ""holiday_special""]"
315,38,2026-11-30,1359836,1850554,26.5,10397,10930,4.5,true,"[""flash_sale"", ""best_seller"", ""holiday_special"", ""installment_available""]"
316,24,2026-03-07,1060272,1522377,30.4,2900,5450,4.1,true,"[""official_store"", ""flash_sale"", ""popular""]"
317,16,2026-01-04,750942,957419,21.6,3339,3230,4.0,true,"[""flash_sale"", ""best_seller""]"
318,45,2026-09-11,2168266,2769058,21.7,5000,11530,4.0,true,"[""free_shipping"", ""flash_sale"", ""best_seller"", ""platform_voucher""]"
319,19,2026-11-19,863621,1109500,22.2,6240,7020,4.1,true,"[""flash_sale"", ""best_seller"", ""holiday_special""]"
320,42,2026-11-08,1767654,2215463,20.2,15381,11510,3.7,true,"[""flash_sale"", ""best_seller"", ""holiday_special""]"
321,25,2026-09-24,1214222,1468272,17.3,3000,7660,4.2,true,"[""discounted"", ""popular""]"
322,36,2026-09-17,1593092,1883162,15.4,4100,9790,3.9,false,"[""warranty"", ""same_day_delivery"", ""discounted"", ""best_seller""]"
323,28,2026-07-21,1260067,1529282,17.6,3300,7610,4.3,true,"[""limited_offer"", ""discounted"", ""exclusive"", ""best_seller""]"
324,24,2026-07-25,1135486,1280452,11.3,2900,6850,3.8,true,"[""discounted"", ""popular"", ""cashback"", ""installment_available""]"
325,39,2026-06-10,1431125,1937560,26.1,8425,9400,4.1,true,"[""flash_sale"", ""best_seller""]"
326,5,2026-12-07,183214,210226,12.8,3679,4400,4.1,true,"[""discounted"", ""best_seller"", ""holiday_special""]"
327,10,2026-07-02,459887,576875,20.3,1500,3820,3.6,true,"[""flash_sale"", ""popular"", ""cashback"", ""installment_available""]"
328,31,2026-01-16,1327497,1759302,24.5,7174,6350,3.3,true,"[""limited_offer"", ""flash_sale"", ""exclusive"", ""best_seller""]"
329,24,2026-10-31,1172690,1632707,28.2,2900,7830,3.9,true,"[""warranty"", ""same_day_delivery"", ""flash_sale"", ""popular""]"
330,25,2026-10-29,1125994,1542746,27.0,3000,8010,4.0,true,"[""flash_sale"", ""popular""]"
331,4,2026-02-05,181454,245569,26.1,900,1150,4.2,true,"[""flash_sale"", ""cashback"", ""installment_available""]"
332,26,2026-08-23,1261552,1583918,20.4,3100,7540,4.0,true,"[""flash_sale"", ""best_seller""]"
333,42,2026-12-07,1599631,2289300,30.1,14398,11800,3.9,true,"[""flash_sale"", ""best_seller"", ""trending"", ""holiday_special""]"
334,34,2026-10-13,1708780,2255214,24.2,3900,9650,4.1,true,"[""flash_sale"", ""official_store"", ""best_seller""]"
335,2,2026-11-05,97114,142666,31.9,2481,3480,3.8,false,"[""official_store"", ""flash_sale"", ""popular"", ""holiday_special""]"
336,14,2026-02-02,672202,873685,23.1,1900,3120,3.8,false,"[""trending"", ""new_arrival"", ""flash_sale"", ""popular""]"
337,17,2026-07-17,715876,1016476,29.6,2200,5370,4.1,true,"[""flash_sale"", ""popular""]"
338,5,2026-03-01,242542,314682,22.9,1000,1590,4.3,true,"[""flash_sale"", ""cashback"", ""installment_available""]"
339,23,2026-09-15,1037553,1210658,14.3,2800,7170,3.7,true,"[""local_product"", ""discounted"", ""popular"", ""best_seller""]"
340,35,2026-12-02,1345018,1844396,27.1,10986,10350,4.3,true,"[""local_product"", ""flash_sale"", ""best_seller"", ""holiday_special""]"
341,41,2026-01-26,1903874,2154308,11.6,7774,8450,3.5,true,"[""trending"", ""discounted"", ""new_arrival"", ""best_seller""]"
342,11,2026-03-21,554770,772420,28.2,1600,2990,3.7,true,"[""flash_sale"", ""popular""]"
343,29,2026-05-27,1459121,2090939,30.2,3400,7260,4.5,true,"[""flash_sale"", ""cashback"", ""best_seller"", ""installment_available""]"
344,31,2026-11-16,1219865,1462126,16.6,11951,9390,3.4,true,"[""local_product"", ""discounted"", ""best_seller"", ""holiday_special""]"
345,3,2026-04-05,138485,178089,22.2,800,1540,3.9,false,"[""local_product"", ""flash_sale"", ""best_seller""]"
346,8,2026-07-18,336524,413987,18.7,1300,3580,4.4,true,"[""warranty"", ""same_day_delivery"", ""discounted"", ""popular""]"
347,28,2026-09-04,1399614,2015585,30.6,3300,8060,4.2,true,"[""flash_sale"", ""best_seller""]"
348,21,2026-06-17,866569,1118164,22.5,5019,5870,3.6,true,"[""flash_sale"", ""best_seller""]"
349,10,2026-11-18,372123,451952,17.7,5820,5210,3.6,true,"[""best_seller"", ""discounted"", ""exclusive"", ""limited_offer""]"
350,20,2026-12-05,757889,1107274,31.6,7041,7380,3.5,true,"[""flash_sale"", ""official_store"", ""best_seller"", ""holiday_special""]"
351,46,2026-01-30,2106146,2698755,22.0,11343,9490,4.3,true,"[""flash_sale"", ""best_seller""]"
352,50,2026-06-20,1913382,2721014,29.7,10870,11700,3.3,true,"[""flash_sale"", ""best_seller""]"
353,35,2026-06-24,1539181,2232311,31.0,6062,8740,4.0,true,"[""flash_sale"", ""best_seller""]"
354,13,2026-03-06,607082,676867,10.3,1800,3240,3.6,true,"[""trending"", ""new_arrival"", ""discounted"", ""popular""]"
355,29,2026-10-25,1261327,1653272,23.7,3400,8770,4.4,true,"[""free_shipping"", ""flash_sale"", ""best_seller"", ""platform_voucher""]"
356,13,2026-08-28,581170,842449,31.0,1800,4990,3.7,true,"[""exclusive"", ""flash_sale"", ""popular"", ""limited_offer""]"
357,28,2026-11-11,1081090,1587279,31.9,8095,8740,4.4,true,"[""flash_sale"", ""best_seller"", ""holiday_special"", ""installment_available""]"
358,46,2026-02-02,2201155,3243077,32.1,5100,9520,4.2,true,"[""warranty"", ""same_day_delivery"", ""flash_sale"", ""best_seller""]"
359,40,2026-09-15,1968363,2600868,24.3,4500,10570,3.8,true,"[""free_shipping"", ""flash_sale"", ""best_seller"", ""platform_voucher""]"
360,9,2026-02-08,433552,523414,17.2,1400,2180,4.6,true,"[""local_product"", ""discounted"", ""popular"", ""best_seller""]"
361,22,2026-09-19,961356,1409971,31.8,2700,7010,3.9,true,"[""free_shipping"", ""flash_sale"", ""popular"", ""platform_voucher""]"
362,11,2026-02-06,523326,717371,27.0,1600,2560,3.8,true,"[""flash_sale"", ""popular""]"
363,23,2026-09-16,987170,1252895,21.2,2800,7180,3.8,true,"[""official_store"", ""flash_sale"", ""popular""]"
364,31,2026-01-21,1297618,1604888,19.1,6180,6400,3.9,true,"[""discounted"", ""best_seller""]"
365,8,2026-10-20,378886,565552,33.0,1300,4520,4.3,true,"[""flash_sale"", ""popular""]"
366,39,2026-12-03,1492695,1804855,17.3,16026,11160,4.6,true,"[""best_seller"", ""discounted"", ""holiday_special"", ""same_day_delivery""]"
367,38,2026-01-29,1666371,1862223,10.5,8238,7880,4.6,true,"[""discounted"", ""best_seller""]"
368,37,2026-02-21,1821686,2529653,28.0,4200,7910,4.0,true,"[""flash_sale"", ""best_seller""]"
369,37,2026-08-31,1724845,2362285,27.0,4200,9820,4.2,true,"[""flash_sale"", ""best_seller""]"
370,20,2026-10-14,1000435,1194804,16.3,2500,6860,3.4,true,"[""discounted"", ""popular""]"
371,6,2026-11-24,233016,318266,26.8,2906,4470,4.0,true,"[""flash_sale"", ""popular"", ""holiday_special""]"
372,46,2026-11-04,1851419,2317996,20.1,13923,12270,4.4,true,"[""flash_sale"", ""best_seller"", ""holiday_special""]"
373,44,2026-11-07,1603689,1834629,12.6,13322,11900,4.1,true,"[""best_seller"", ""trending"", ""discounted"", ""holiday_special""]"
374,9,2026-04-08,438235,631521,30.6,1400,2770,4.3,true,"[""local_product"", ""flash_sale"", ""popular"", ""best_seller""]"
375,48,2026-03-07,2170238,3010543,27.9,5300,10250,4.2,true,"[""limited_offer"", ""flash_sale"", ""exclusive"", ""best_seller""]"
376,29,2026-04-17,1309576,1947546,32.8,3400,6860,4.7,true,"[""flash_sale"", ""official_store"", ""best_seller""]"
377,36,2026-06-29,1382884,1953390,29.2,8227,8990,3.9,true,"[""flash_sale"", ""best_seller""]"
378,39,2026-12-08,1376634,1803776,23.7,16006,11210,4.5,true,"[""local_product"", ""flash_sale"", ""best_seller"", ""holiday_special""]"
379,26,2026-03-05,1252184,1729818,27.6,3100,5830,4.0,true,"[""flash_sale"", ""best_seller""]"
380,31,2026-09-26,1336471,1531459,12.7,3600,8880,3.8,true,"[""flash_sale"", ""discounted"", ""official_store"", ""best_seller""]"
381,14,2026-11-03,587534,682771,13.9,6710,5860,3.6,true,"[""best_seller"", ""discounted"", ""holiday_special"", ""installment_available""]"
382,17,2026-06-27,729379,1079806,32.5,4209,5170,4.1,true,"[""flash_sale"", ""best_seller""]"
383,15,2026-05-15,755024,957632,21.2,2000,4340,3.9,true,"[""free_shipping"", ""flash_sale"", ""popular"", ""platform_voucher""]"
384,21,2026-04-08,929439,1101645,15.6,2600,5170,3.4,true,"[""discounted"", ""popular""]"
385,46,2026-09-19,2067529,2551807,19.0,5100,11810,4.4,true,"[""warranty"", ""same_day_delivery"", ""discounted"", ""best_seller""]"
386,28,2026-02-18,1386366,1944907,28.7,3300,6080,4.4,true,"[""warranty"", ""same_day_delivery"", ""flash_sale"", ""best_seller""]"
387,39,2026-03-29,1698645,1962391,13.4,4400,8670,4.2,true,"[""flash_sale"", ""discounted"", ""official_store"", ""best_seller""]"
388,39,2026-10-14,1898261,2126444,10.7,4400,10660,4.5,false,"[""warranty"", ""same_day_delivery"", ""discounted"", ""best_seller""]"
389,48,2026-10-22,2305484,2714707,15.1,5300,12540,4.4,true,"[""discounted"", ""best_seller""]"
390,34,2026-06-03,1505633,1765883,14.7,8128,8330,4.2,true,"[""discounted"", ""best_seller""]"
391,39,2026-05-03,1876385,2072959,9.5,4400,9020,4.2,true,"[""discounted"", ""best_seller""]"
392,16,2026-01-29,734280,908648,19.2,3487,3480,4.3,false,"[""limited_offer"", ""discounted"", ""exclusive"", ""best_seller""]"
393,37,2026-12-20,1344519,1564745,14.1,10140,10930,3.9,true,"[""discounted"", ""best_seller"", ""holiday_special""]"
394,50,2026-04-04,2391584,3006004,20.4,5500,10930,3.2,true,"[""flash_sale"", ""best_seller""]"
395,11,2026-02-27,526782,667413,21.1,1600,2770,3.7,true,"[""free_shipping"", ""flash_sale"", ""popular"", ""platform_voucher""]"
396,11,2026-05-29,552563,707197,21.9,1600,3680,3.7,true,"[""flash_sale"", ""popular""]"
397,18,2026-01-18,804344,1176278,31.6,3609,3770,4.3,true,"[""limited_offer"", ""flash_sale"", ""exclusive"", ""best_seller""]"
398,18,2026-08-09,828616,1161000,28.6,2300,5800,4.3,true,"[""flash_sale"", ""popular""]"
399,3,2026-03-15,143818,173905,17.3,800,1330,3.6,true,"[""free_shipping"", ""discounted"", ""platform_voucher""]"
400,31,2026-03-05,1456470,1726443,15.6,3600,6830,3.4,true,"[""discounted"", ""best_seller""]"
401,29,2026-09-28,1389127,1746585,20.5,3400,8500,4.5,true,"[""trending"", ""flash_sale"", ""new_arrival"", ""best_seller""]"
402,9,2026-06-30,358461,503477,28.8,3404,3600,4.5,true,"[""local_product"", ""flash_sale"", ""best_seller""]"
403,1,2026-07-18,50125,58824,14.8,600,2180,3.7,true,"[""warranty"", ""same_day_delivery"", ""discounted""]"
404,32,2026-04-15,1405543,1671726,15.9,3700,7440,3.4,true,"[""trending"", ""discounted"", ""new_arrival"", ""best_seller""]"
405,24,2026-04-04,1059000,1209719,12.5,2900,5730,3.9,true,"[""discounted"", ""popular""]"
406,46,2026-05-24,1988700,2476413,19.7,5100,10630,4.1,true,"[""free_shipping"", ""discounted"", ""best_seller"", ""platform_voucher""]"
407,17,2026-03-14,848739,986236,13.9,2200,4120,4.5,true,"[""discounted"", ""popular""]"
408,33,2026-01-07,1497696,2156578,30.6,6634,6660,3.8,true,"[""limited_offer"", ""flash_sale"", ""exclusive"", ""best_seller""]"
409,31,2026-02-03,1364592,1657212,17.7,3600,6530,3.6,true,"[""free_shipping"", ""discounted"", ""best_seller"", ""platform_voucher""]"
410,12,2026-08-27,553369,666911,17.0,1700,4780,3.9,true,"[""discounted"", ""popular""]"
411,5,2026-11-05,223417,297978,25.0,3243,4080,4.1,true,"[""flash_sale"", ""best_seller"", ""holiday_special""]"
412,26,2026-01-05,1119487,1499760,25.4,7159,5240,4.1,true,"[""warranty"", ""same_day_delivery"", ""flash_sale"", ""best_seller""]"
413,28,2026-01-09,1231565,1548409,20.5,7305,5680,4.5,true,"[""free_shipping"", ""flash_sale"", ""best_seller"", ""platform_voucher""]"
414,50,2026-09-11,2434544,3535834,31.1,5500,12530,3.2,true,"[""flash_sale"", ""cashback"", ""best_seller"", ""installment_available""]"
415,50,2026-12-11,1763914,2346229,24.8,21907,13440,3.5,true,"[""flash_sale"", ""best_seller"", ""holiday_special""]"
416,3,2026-08-25,137888,172358,20.0,800,2960,3.5,true,"[""discounted""]"
417,46,2026-07-02,2115922,3107189,31.9,5100,11020,4.3,true,"[""flash_sale"", ""best_seller""]"
418,17,2026-02-07,776794,912194,14.8,2200,3770,4.2,false,"[""discounted"", ""popular""]"
419,47,2026-08-17,2186755,3237389,32.5,5200,11680,4.5,true,"[""flash_sale"", ""best_seller""]"
420,50,2026-05-05,2170216,2901106,25.2,5500,11240,3.8,true,"[""flash_sale"", ""best_seller""]"
421,42,2026-07-22,1787343,2374513,24.7,4700,10420,3.7,true,"[""flash_sale"", ""cashback"", ""best_seller"", ""installment_available""]"
422,50,2026-01-08,2091724,2601877,19.6,11305,10070,3.6,true,"[""local_product"", ""discounted"", ""best_seller""]"
423,38,2026-05-25,1907631,2203216,13.4,4300,9040,4.4,true,"[""warranty"", ""same_day_delivery"", ""discounted"", ""best_seller""]"
424,8,2026-05-04,373016,529682,29.6,1300,2830,4.2,true,"[""local_product"", ""flash_sale"", ""popular"", ""best_seller""]"
425,39,2026-04-07,1799570,2416174,25.5,4400,8760,4.2,true,"[""flash_sale"", ""official_store"", ""best_seller""]"
426,8,2026-10-22,362555,501009,27.6,1300,4540,4.1,true,"[""flash_sale"", ""popular""]"
427,9,2026-01-09,389523,573783,32.1,2632,1880,4.6,true,"[""flash_sale"", ""popular"", ""cashback"", ""installment_available""]"
428,17,2026-01-31,719976,986136,27.0,5284,3700,4.1,true,"[""warranty"", ""same_day_delivery"", ""flash_sale"", ""best_seller""]"
429,24,2026-05-07,1195954,1489086,19.7,2900,6060,3.7,true,"[""discounted"", ""popular""]"
430,37,2026-03-20,1714960,1975773,13.2,4200,8180,3.9,true,"[""discounted"", ""best_seller""]"
431,20,2026-11-07,895193,1224318,26.9,9872,7100,3.2,true,"[""flash_sale"", ""best_seller"", ""holiday_special"", ""same_day_delivery""]"
432,50,2026-04-29,2494482,3068204,18.7,5500,11180,3.4,false,"[""local_product"", ""discounted"", ""best_seller""]"
433,26,2026-01-15,1221516,1638546,25.5,5781,5340,4.0,false,"[""flash_sale"", ""best_seller""]"
434,1,2026-05-07,58354,76857,24.1,600,1460,3.6,true,"[""flash_sale""]"
435,35,2026-03-10,1695413,2105289,19.5,4000,7680,3.9,true,"[""discounted"", ""best_seller""]"
436,30,2026-01-24,1280515,1623515,21.1,7167,6230,3.4,true,"[""flash_sale"", ""best_seller""]"
437,15,2026-06-10,626319,873202,28.3,4228,4600,4.0,true,"[""flash_sale"", ""official_store"", ""best_seller""]"
438,6,2026-05-09,265810,338826,21.5,1100,2480,3.9,true,"[""flash_sale"", ""popular""]"
439,9,2026-03-23,401260,510649,21.4,1400,2610,4.4,true,"[""flash_sale"", ""popular"", ""cashback"", ""installment_available""]"
440,47,2026-10-16,2255509,2718862,17.0,5200,12280,4.0,true,"[""flash_sale"", ""discounted"", ""official_store"", ""best_seller""]"
441,23,2026-11-21,862702,1035494,16.7,7042,7840,3.8,true,"[""discounted"", ""best_seller"", ""holiday_special""]"
442,28,2026-11-23,1183229,1543975,23.4,9165,8860,4.3,true,"[""flash_sale"", ""best_seller"", ""exclusive"", ""limited_offer""]"
443,11,2026-05-01,545708,640224,14.8,1600,3400,3.7,true,"[""discounted"", ""popular"", ""cashback"", ""installment_available""]"
444,26,2026-01-08,1052062,1290202,18.5,6420,5270,3.9,true,"[""local_product"", ""discounted"", ""best_seller""]"
445,24,2026-03-02,1145156,1481423,22.7,2900,5400,4.2,true,"[""free_shipping"", ""flash_sale"", ""popular"", ""platform_voucher""]"
446,43,2026-04-24,1903712,2814880,32.4,4800,9730,3.6,true,"[""flash_sale"", ""best_seller""]"
447,6,2026-02-16,277393,312386,11.2,1100,1660,4.3,true,"[""discounted"", ""popular""]"
448,19,2026-10-18,824303,1040550,20.8,2400,6700,4.3,true,"[""official_store"", ""flash_sale"", ""popular""]"
449,36,2026-09-21,1667491,2356312,29.2,4100,9830,3.9,false,"[""limited_offer"", ""flash_sale"", ""exclusive"", ""best_seller""]"
450,18,2026-06-22,643652,913013,29.5,4955,5320,4.5,true,"[""flash_sale"", ""best_seller""]"
451,42,2026-07-27,1734209,2231237,22.3,4700,10470,3.5,true,"[""limited_offer"", ""flash_sale"", ""exclusive"", ""best_seller""]"
452,27,2026-12-16,1132187,1566323,27.7,11144,8890,4.4,true,"[""flash_sale"", ""best_seller"", ""holiday_special""]"
453,7,2026-05-18,356218,530253,32.8,1200,2770,4.2,false,"[""flash_sale"", ""popular""]"
454,28,2026-03-30,1219736,1737627,29.8,3300,6480,4.1,true,"[""flash_sale"", ""best_seller""]"
455,38,2026-06-22,1602280,2340531,31.5,9186,9320,4.1,true,"[""flash_sale"", ""best_seller""]"
456,45,2026-09-28,2095654,2410947,13.1,5000,11700,4.1,true,"[""warranty"", ""same_day_delivery"", ""discounted"", ""best_seller""]"
457,7,2026-01-04,304587,435652,30.1,2139,1430,4.5,true,"[""flash_sale"", ""popular"", ""cashback"", ""installment_available""]"
458,6,2026-01-16,276754,391182,29.3,2361,1350,4.1,true,"[""flash_sale"", ""popular""]"
459,24,2026-10-01,1103141,1216654,9.3,2900,7530,3.9,false,"[""discounted"", ""popular""]"
460,22,2026-03-04,1042638,1543528,32.5,2700,5020,3.9,true,"[""flash_sale"", ""popular""]"
461,4,2026-01-10,174726,218191,19.9,1938,890,4.0,true,"[""exclusive"", ""discounted"", ""popular"", ""limited_offer""]"
462,16,2026-10-23,713544,877782,18.7,2100,6150,3.8,true,"[""trending"", ""new_arrival"", ""discounted"", ""popular""]"
463,1,2026-05-27,56620,70386,19.6,600,1660,3.8,true,"[""warranty"", ""same_day_delivery"", ""discounted""]"
464,5,2026-12-30,186729,213692,12.6,3683,4630,3.8,true,"[""discounted"", ""best_seller"", ""holiday_special""]"
465,11,2026-01-02,483268,719854,32.9,3045,2210,3.5,true,"[""flash_sale"", ""best_seller""]"
466,18,2026-09-16,810941,954072,15.0,2300,6180,4.4,false,"[""discounted"", ""popular""]"
467,20,2026-12-20,709873,978398,27.4,8309,7530,3.3,true,"[""flash_sale"", ""best_seller"", ""holiday_special""]"
468,19,2026-11-29,841900,1101153,23.5,7195,7120,4.6,true,"[""flash_sale"", ""best_seller"", ""holiday_special""]"
469,25,2026-02-10,1103616,1519010,27.3,3000,5400,4.1,true,"[""flash_sale"", ""popular"", ""cashback"", ""installment_available""]"
470,10,2026-08-23,456814,525246,13.0,1500,4340,3.4,false,"[""local_product"", ""discounted"", ""popular"", ""best_seller""]"
471,29,2026-04-26,1403749,1610312,12.8,3400,6950,4.6,false,"[""discounted"", ""cashback"", ""best_seller"", ""installment_available""]"
472,2,2026-08-15,94178,112061,16.0,700,2660,3.5,true,"[""discounted""]"
473,23,2026-08-10,1010094,1242784,18.7,2800,6810,3.8,true,"[""official_store"", ""flash_sale"", ""discounted"", ""popular""]"
474,24,2026-04-18,1171173,1324817,11.6,2900,5870,3.9,true,"[""discounted"", ""popular""]"
475,29,2026-08-19,1310820,1725291,24.0,3400,8100,4.7,true,"[""trending"", ""flash_sale"", ""new_arrival"", ""best_seller""]"
476,50,2026-06-02,1967521,2563935,23.3,9240,11520,3.3,true,"[""flash_sale"", ""best_seller""]"
477,24,2026-10-18,1172906,1415799,17.2,2900,7700,3.8,true,"[""discounted"", ""popular""]"
478,17,2026-03-15,740220,857197,13.6,2200,4130,4.4,true,"[""discounted"", ""popular""]"
479,15,2026-02-03,684383,864088,20.8,2000,3330,4.2,true,"[""flash_sale"", ""popular""]"
480,45,2026-11-12,1665437,2199894,24.3,17988,12150,4.2,true,"[""flash_sale"", ""best_seller"", ""holiday_special"", ""installment_available""]"
481,49,2026-12-01,1888238,2455670,23.1,18626,13140,4.6,true,"[""free_shipping"", ""flash_sale"", ""best_seller"", ""platform_voucher""]"
482,24,2026-06-15,1083822,1481226,26.8,7108,6450,3.6,true,"[""flash_sale"", ""official_store"", ""best_seller""]"
483,21,2026-10-11,1053279,1256989,16.2,2600,7030,3.3,true,"[""exclusive"", ""discounted"", ""popular"", ""limited_offer""]"
484,26,2026-08-31,1231070,1649199,25.4,3100,7620,3.9,false,"[""flash_sale"", ""best_seller""]"
485,41,2026-01-29,1672974,2055132,18.6,10463,8480,3.6,true,"[""limited_offer"", ""discounted"", ""exclusive"", ""best_seller""]"
486,2,2026-09-21,94629,120202,21.3,700,3030,3.9,true,"[""trending"", ""flash_sale"", ""new_arrival""]"
487,44,2026-06-30,1985195,2331256,14.8,10928,10600,3.7,false,"[""limited_offer"", ""discounted"", ""exclusive"", ""best_seller""]"
488,39,2026-09-27,1878867,2517590,25.4,4400,10490,4.7,false,"[""flash_sale"", ""best_seller""]"
489,35,2026-06-10,1421415,1661622,14.5,9472,8600,4.0,false,"[""flash_sale"", ""discounted"", ""official_store"", ""best_seller""]"
490,8,2026-09-18,393722,493276,20.2,1300,4200,4.3,true,"[""official_store"", ""flash_sale"", ""popular""]"
491,48,2026-07-13,2038645,2565578,20.5,5300,11530,4.2,false,"[""local_product"", ""flash_sale"", ""best_seller""]"
492,40,2026-04-02,1719472,2312312,25.6,4500,8910,3.4,true,"[""flash_sale"", ""cashback"", ""best_seller"", ""installment_available""]"
493,44,2026-01-30,1838925,2717306,32.3,9113,9090,3.7,true,"[""flash_sale"", ""best_seller""]"
494,47,2026-05-17,2074081,2915339,28.9,5200,10760,4.3,true,"[""local_product"", ""flash_sale"", ""best_seller""]"
495,10,2026-10-16,436816,617829,29.3,1500,4880,3.3,true,"[""flash_sale"", ""popular""]"
496,47,2026-01-01,1981816,2222623,10.8,9065,9400,4.2,true,"[""flash_sale"", ""discounted"", ""official_store"", ""best_seller""]"
497,48,2026-11-16,1921701,2124610,9.6,19190,12790,4.3,true,"[""flash_sale"", ""best_seller"", ""discounted"", ""holiday_special""]"
498,39,2026-09-17,1875868,2115101,11.3,4400,10390,4.5,true,"[""discounted"", ""best_seller""]"
499,1,2026-11-15,52510,71887,27.0,1491,3380,3.9,true,"[""flash_sale"", ""exclusive"", ""popular"", ""limited_offer""]"
500,9,2026-01-04,413542,506196,18.3,3263,1830,4.4,true,"[""limited_offer"", ""discounted"", ""exclusive"", ""best_seller""]"
